index,n0,n1,result
0,32.97874482901406,12.19641073812986,402.2223175626317
1,19.9598728480887,6.473700315698735,129.21423515797844
2,21.658092685237413,4.791357084300809,103.77165581985581
3,6.228567177409228,14.167035814929887,88.24033427805328
4,5.593190252584844,13.12064103628958,73.38624155183957
